group,conversion,spend
Designer,0,NA
Designer,0,NA
Designer,0,NA
Designer,0,NA
Designer,0,NA
Designer,0,NA
Designer,0,NA
Designer,0,NA
Designer,0,NA
Designer,0,NA
Designer,0,NA
Designer,0,NA
Designer,0,NA
Designer,0,NA
Designer,0,NA
Designer,0,NA
Designer,0,NA
Designer,0,NA
Designer,0,NA
Designer,0,NA
Designer,0,NA
Designer,0,NA
Designer,0,NA
Designer,0,NA
Designer,0,NA
Designer,0,NA
Designer,0,NA
Designer,0,NA
Designer,0,NA
Designer,0,NA
Designer,0,NA
Designer,0,NA
Designer,0,NA
Designer,0,NA
Designer,0,NA
Designer,0,NA
Designer,0,NA
Designer,0,NA
Designer,0,NA
Designer,0,NA
Designer,0,NA
Designer,0,NA
Designer,0,NA
Designer,0,NA
Designer,0,NA
Designer,0,NA
Designer,0,NA
Designer,0,NA
Designer,0,NA
Designer,0,NA
Designer,1,138.05
Designer,0,NA
Designer,0,NA
Designer,0,NA
Designer,0,NA
Designer,0,NA
Designer,0,NA
Designer,0,NA
Designer,0,NA
Designer,0,NA
Designer,0,NA
Designer,0,NA
Designer,1,43.88
Designer,0,NA
Designer,0,NA
Designer,0,NA
Designer,0,NA
Designer,0,NA
Designer,0,NA
Designer,0,NA
Designer,0,NA
Designer,0,NA
Designer,0,NA
Designer,0,NA
Designer,0,NA
Designer,0,NA
Designer,0,NA
Designer,0,NA
Designer,0,NA
Designer,1,225.16
Designer,0,NA
Designer,0,NA
Designer,0,NA
Designer,0,NA
Designer,0,NA
Designer,0,NA
Designer,0,NA
Designer,0,NA
Designer,0,NA
Designer,0,NA
Designer,0,NA
Designer,0,NA
Designer,0,NA
Designer,0,NA
Designer,0,NA
Designer,0,NA
Designer,0,NA
Designer,0,NA
Designer,0,NA
Designer,0,NA
Designer,0,NA
Designer,0,NA
Designer,0,NA
Designer,0,NA
Designer,0,NA
Designer,0,NA
Designer,1,307.38
Designer,0,NA
Designer,0,NA
Designer,0,NA
Designer,0,NA
Designer,0,NA
Designer,0,NA
Designer,0,NA
Designer,0,NA
Designer,1,282.82
Designer,0,NA
Designer,0,NA
Designer,0,NA
Designer,0,NA
Designer,0,NA
Designer,0,NA
Designer,0,NA
Designer,0,NA
Designer,0,NA
Designer,0,NA
Designer,0,NA
Designer,0,NA
Designer,0,NA
Designer,0,NA
Designer,0,NA
Designer,0,NA
Designer,0,NA
Designer,0,NA
Designer,0,NA
Designer,0,NA
Designer,0,NA
Designer,0,NA
Designer,0,NA
Designer,0,NA
Designer,0,NA
Designer,0,NA
Designer,0,NA
Designer,0,NA
Designer,0,NA
Designer,0,NA
Designer,0,NA
Designer,0,NA
Designer,0,NA
Designer,0,NA
Designer,0,NA
Designer,0,NA
Designer,0,NA
Designer,0,NA
Designer,0,NA
Designer,0,NA
Designer,0,NA
Designer,0,NA
Designer,0,NA
Designer,0,NA
Designer,0,NA
Designer,0,NA
Designer,0,NA
Designer,0,NA
Designer,0,NA
Designer,0,NA
Designer,0,NA
Designer,0,NA
Designer,0,NA
Designer,0,NA
Designer,0,NA
Designer,0,NA
Designer,0,NA
Designer,0,NA
Designer,0,NA
Designer,0,NA
Designer,0,NA
Designer,0,NA
Designer,0,NA
Designer,0,NA
Designer,0,NA
Designer,0,NA
Designer,0,NA
Designer,0,NA
Designer,0,NA
Designer,0,NA
Designer,0,NA
Designer,0,NA
Designer,0,NA
Designer,0,NA
Designer,0,NA
Designer,0,NA
Designer,0,NA
Designer,0,NA
Designer,0,NA
Designer,1,195.71
Designer,0,NA
Designer,0,NA
Designer,0,NA
Designer,0,NA
Designer,0,NA
Designer,0,NA
Designer,0,NA
Designer,0,NA
Designer,0,NA
Designer,0,NA
Designer,0,NA
Designer,0,NA
Designer,1,288.19
Designer,0,NA
Designer,0,NA
Designer,0,NA
Designer,0,NA
Designer,0,NA
Designer,0,NA
Designer,0,NA
Designer,0,NA
Designer,0,NA
Designer,0,NA
Designer,0,NA
Designer,0,NA
Designer,0,NA
Designer,0,NA
Designer,0,NA
Designer,0,NA
Designer,0,NA
Designer,0,NA
Designer,0,NA
Designer,0,NA
Designer,0,NA
Designer,0,NA
Designer,0,NA
Designer,0,NA
Designer,0,NA
Designer,0,NA
Designer,0,NA
Designer,0,NA
Designer,0,NA
Designer,1,81.96
Designer,0,NA
Designer,0,NA
Designer,0,NA
Designer,0,NA
Designer,0,NA
Designer,0,NA
Designer,0,NA
Designer,0,NA
Designer,0,NA
Designer,0,NA
Designer,0,NA
Designer,0,NA
Designer,1,120.84
Designer,0,NA
Designer,0,NA
Designer,0,NA
Designer,0,NA
Designer,0,NA
Designer,0,NA
Designer,0,NA
Designer,0,NA
Designer,0,NA
Designer,0,NA
Designer,0,NA
Designer,1,112.33
Designer,0,NA
Designer,0,NA
Designer,0,NA
Designer,0,NA
Designer,0,NA
Designer,0,NA
Designer,0,NA
Designer,1,236.7
Designer,0,NA
Designer,0,NA
Designer,0,NA
Designer,0,NA
Designer,0,NA
Designer,0,NA
Designer,0,NA
Designer,0,NA
Designer,0,NA
Designer,0,NA
Designer,1,241.33
Designer,0,NA
Designer,0,NA
Designer,0,NA
Designer,0,NA
Designer,0,NA
Designer,0,NA
Designer,0,NA
Designer,0,NA
Designer,1,203.38
Designer,0,NA
Designer,0,NA
Designer,0,NA
Designer,0,NA
Designer,0,NA
Designer,0,NA
Designer,0,NA
Designer,0,NA
Designer,0,NA
Designer,0,NA
Designer,0,NA
Designer,0,NA
Designer,0,NA
Designer,0,NA
Designer,0,NA
Designer,1,38.75
Designer,0,NA
Designer,0,NA
Designer,0,NA
Designer,0,NA
Designer,0,NA
Designer,0,NA
Designer,0,NA
Designer,0,NA
Designer,0,NA
Designer,1,108.86
Designer,0,NA
Designer,0,NA
Designer,0,NA
Designer,0,NA
Designer,0,NA
Designer,0,NA
Designer,0,NA
Designer,0,NA
Designer,0,NA
Designer,0,NA
Designer,0,NA
Designer,1,153.06
Designer,0,NA
Designer,0,NA
Designer,0,NA
Designer,0,NA
Designer,0,NA
Designer,0,NA
Designer,0,NA
Designer,0,NA
Designer,0,NA
Designer,0,NA
Designer,0,NA
Designer,0,NA
Designer,0,NA
Designer,0,NA
Designer,0,NA
Designer,0,NA
Designer,0,NA
Designer,0,NA
Designer,0,NA
Designer,0,NA
Designer,0,NA
Designer,0,NA
Designer,0,NA
Designer,0,NA
Designer,0,NA
Designer,0,NA
Designer,0,NA
Designer,0,NA
Designer,0,NA
Designer,0,NA
Designer,0,NA
Designer,0,NA
Designer,0,NA
Designer,0,NA
Designer,0,NA
Designer,0,NA
Designer,0,NA
Designer,0,NA
Designer,0,NA
Designer,0,NA
Designer,0,NA
Designer,0,NA
Designer,1,288.68
Designer,0,NA
Designer,0,NA
Designer,0,NA
Designer,0,NA
Designer,0,NA
Designer,0,NA
Designer,0,NA
Designer,0,NA
Designer,0,NA
Designer,0,NA
Designer,0,NA
Designer,0,NA
Designer,0,NA
Designer,0,NA
Designer,0,NA
Designer,0,NA
Designer,0,NA
Designer,0,NA
Designer,0,NA
Designer,0,NA
Designer,0,NA
Designer,1,149.79
Designer,0,NA
Designer,0,NA
Designer,0,NA
Designer,0,NA
Designer,0,NA
Designer,0,NA
Designer,0,NA
Designer,1,202.25
Designer,0,NA
Designer,1,159.17
Designer,0,NA
Designer,0,NA
Designer,0,NA
Designer,0,NA
Designer,0,NA
Designer,0,NA
Designer,0,NA
Designer,0,NA
Designer,0,NA
Designer,0,NA
Designer,0,NA
Designer,0,NA
Designer,0,NA
Designer,0,NA
Designer,0,NA
Designer,0,NA
Designer,0,NA
Designer,0,NA
Designer,0,NA
Designer,0,NA
Designer,0,NA
Designer,0,NA
Designer,0,NA
Designer,0,NA
Designer,0,NA
Designer,0,NA
Designer,0,NA
Designer,0,NA
Designer,0,NA
Designer,0,NA
Designer,0,NA
Designer,0,NA
Designer,0,NA
Designer,0,NA
Designer,0,NA
Designer,1,168.26
Designer,0,NA
Designer,0,NA
Designer,0,NA
Designer,0,NA
Designer,0,NA
Designer,1,22.2
Designer,1,99.43
Designer,0,NA
Designer,0,NA
Designer,0,NA
Designer,0,NA
Designer,0,NA
Designer,0,NA
Designer,0,NA
Designer,0,NA
Designer,0,NA
Designer,0,NA
Designer,0,NA
Designer,0,NA
Designer,1,161.29
Designer,0,NA
Designer,0,NA
Designer,0,NA
Designer,0,NA
Designer,0,NA
Designer,0,NA
Designer,0,NA
Designer,1,168.16
Designer,0,NA
Designer,0,NA
Designer,0,NA
Designer,1,75.39
Designer,1,219.41
Designer,0,NA
Designer,0,NA
Designer,0,NA
Designer,0,NA
Designer,0,NA
Designer,0,NA
Designer,0,NA
Designer,0,NA
Designer,0,NA
Designer,0,NA
Designer,0,NA
Designer,0,NA
Designer,0,NA
Designer,0,NA
Designer,0,NA
Designer,0,NA
Designer,0,NA
Designer,0,NA
Designer,0,NA
Designer,0,NA
Designer,0,NA
Designer,0,NA
Designer,0,NA
Designer,0,NA
Designer,0,NA
Designer,0,NA
Designer,0,NA
Designer,0,NA
Designer,0,NA
Designer,0,NA
Designer,0,NA
Designer,0,NA
Designer,0,NA
Designer,0,NA
Designer,0,NA
Designer,0,NA
Designer,0,NA
Designer,0,NA
Designer,0,NA
Designer,0,NA
Designer,0,NA
Designer,0,NA
Designer,0,NA
Designer,0,NA
Designer,0,NA
Designer,0,NA
Designer,0,NA
Designer,0,NA
Designer,0,NA
Designer,0,NA
Designer,0,NA
Designer,0,NA
Designer,0,NA
Designer,0,NA
Designer,0,NA
Designer,0,NA
Designer,0,NA
Designer,0,NA
Designer,0,NA
Designer,0,NA
Designer,0,NA
Designer,0,NA
Designer,0,NA
Designer,0,NA
Designer,0,NA
Designer,0,NA
Designer,0,NA
Designer,0,NA
Designer,0,NA
Designer,0,NA
Designer,0,NA
Designer,0,NA
Designer,0,NA
Designer,0,NA
Designer,0,NA
Designer,0,NA
Designer,0,NA
Designer,0,NA
Designer,0,NA
Designer,0,NA
Designer,0,NA
Designer,0,NA
Designer,0,NA
Designer,0,NA
Designer,0,NA
Designer,0,NA
Designer,0,NA
Designer,0,NA
Designer,0,NA
Designer,1,129.53
Designer,0,NA
Designer,0,NA
Designer,0,NA
Designer,0,NA
Designer,0,NA
Designer,0,NA
Designer,0,NA
Designer,1,138.27
Designer,0,NA
Designer,0,NA
Designer,0,NA
Designer,1,63.6
Designer,0,NA
Designer,0,NA
Designer,0,NA
Designer,0,NA
Designer,0,NA
Designer,0,NA
Designer,0,NA
Designer,0,NA
Designer,0,NA
Designer,0,NA
Designer,0,NA
Designer,0,NA
Designer,0,NA
Designer,0,NA
Designer,0,NA
Designer,0,NA
Designer,0,NA
Designer,0,NA
Designer,0,NA
Designer,0,NA
Designer,0,NA
Designer,0,NA
Designer,0,NA
Designer,0,NA
Designer,0,NA
Designer,0,NA
Designer,1,165.09
Designer,0,NA
Designer,0,NA
Designer,0,NA
Designer,0,NA
Designer,0,NA
Designer,0,NA
Designer,0,NA
Designer,0,NA
Designer,0,NA
Designer,0,NA
Designer,0,NA
Designer,0,NA
Designer,0,NA
Designer,0,NA
Designer,0,NA
Designer,0,NA
Designer,0,NA
Designer,0,NA
Designer,0,NA
Designer,0,NA
Designer,0,NA
Designer,0,NA
Designer,0,NA
Designer,0,NA
Designer,0,NA
Designer,0,NA
Designer,0,NA
Designer,0,NA
Designer,0,NA
Designer,0,NA
Designer,0,NA
Designer,0,NA
Designer,0,NA
Designer,0,NA
Designer,0,NA
Designer,0,NA
Designer,0,NA
Designer,0,NA
Designer,0,NA
Designer,0,NA
Designer,0,NA
Designer,0,NA
Designer,0,NA
Designer,0,NA
Designer,0,NA
Designer,0,NA
Designer,0,NA
Designer,0,NA
Designer,0,NA
Designer,0,NA
Designer,0,NA
Designer,0,NA
Designer,0,NA
Designer,0,NA
Designer,0,NA
Designer,0,NA
Designer,0,NA
Designer,0,NA
Designer,0,NA
Designer,0,NA
Designer,0,NA
Designer,0,NA
Designer,0,NA
Designer,0,NA
Designer,0,NA
Designer,0,NA
Designer,0,NA
Designer,0,NA
Designer,0,NA
Designer,0,NA
Designer,0,NA
Designer,1,123.25
Designer,0,NA
Designer,0,NA
Designer,0,NA
Designer,0,NA
Designer,0,NA
Designer,0,NA
Designer,0,NA
Designer,0,NA
Designer,0,NA
Designer,0,NA
Designer,0,NA
Designer,0,NA
Designer,0,NA
Designer,0,NA
Designer,0,NA
Designer,0,NA
Designer,0,NA
Designer,0,NA
Designer,0,NA
Designer,0,NA
Designer,0,NA
Designer,0,NA
Designer,0,NA
Designer,0,NA
Designer,0,NA
Designer,0,NA
Designer,0,NA
Designer,0,NA
Designer,0,NA
Designer,0,NA
Designer,0,NA
Designer,0,NA
Designer,0,NA
Designer,0,NA
Designer,0,NA
Designer,0,NA
Designer,0,NA
Designer,0,NA
Designer,0,NA
Designer,0,NA
Designer,0,NA
Designer,0,NA
Designer,0,NA
Designer,1,39.17
Designer,0,NA
Designer,0,NA
Designer,0,NA
Designer,0,NA
Designer,0,NA
Designer,0,NA
Designer,0,NA
Designer,0,NA
Designer,0,NA
Designer,0,NA
Designer,0,NA
Designer,1,270.58
Designer,0,NA
Designer,0,NA
Designer,0,NA
Designer,0,NA
Designer,0,NA
Designer,0,NA
Designer,0,NA
Designer,0,NA
Designer,0,NA
Designer,0,NA
Designer,1,216.16
Designer,0,NA
Designer,0,NA
Designer,0,NA
Designer,0,NA
Designer,0,NA
Designer,0,NA
Designer,0,NA
Designer,0,NA
Designer,0,NA
Designer,0,NA
Designer,0,NA
Designer,0,NA
Designer,1,136.53
Designer,0,NA
Designer,0,NA
Designer,0,NA
Designer,0,NA
Designer,0,NA
Designer,0,NA
Designer,0,NA
Designer,0,NA
Designer,0,NA
Designer,0,NA
Designer,0,NA
Designer,0,NA
Designer,0,NA
Designer,0,NA
Designer,0,NA
Designer,0,NA
Designer,0,NA
Designer,0,NA
Designer,0,NA
Designer,0,NA
Designer,0,NA
Designer,0,NA
Designer,0,NA
Designer,0,NA
Designer,0,NA
Designer,0,NA
Designer,0,NA
Designer,0,NA
Designer,0,NA
Designer,0,NA
Designer,0,NA
Designer,0,NA
Designer,0,NA
Designer,0,NA
Designer,0,NA
Designer,0,NA
Designer,0,NA
Designer,0,NA
Designer,0,NA
Designer,0,NA
Designer,0,NA
Designer,0,NA
Designer,1,209.18
Designer,0,NA
Designer,0,NA
Designer,0,NA
Designer,0,NA
Designer,0,NA
Designer,0,NA
Designer,0,NA
Designer,0,NA
Designer,0,NA
Designer,0,NA
Designer,0,NA
Designer,0,NA
Designer,0,NA
Designer,0,NA
Designer,0,NA
Designer,0,NA
Designer,0,NA
Designer,0,NA
Designer,0,NA
Designer,0,NA
Designer,0,NA
Designer,0,NA
Designer,0,NA
Designer,1,123.34
Designer,0,NA
Designer,0,NA
Designer,0,NA
Designer,0,NA
Designer,0,NA
Designer,0,NA
Designer,0,NA
Designer,0,NA
Designer,0,NA
Designer,0,NA
Designer,0,NA
Designer,0,NA
Designer,0,NA
Designer,0,NA
Designer,0,NA
Designer,0,NA
Designer,0,NA
Designer,0,NA
Designer,0,NA
Designer,0,NA
Designer,1,108.22
Designer,0,NA
Designer,0,NA
Designer,0,NA
Designer,0,NA
Designer,0,NA
Designer,0,NA
Designer,0,NA
Designer,0,NA
Designer,0,NA
Designer,0,NA
Designer,0,NA
Designer,0,NA
Designer,0,NA
Designer,0,NA
Designer,0,NA
Designer,0,NA
Designer,0,NA
Designer,0,NA
Designer,0,NA
Designer,0,NA
Designer,0,NA
Designer,0,NA
Designer,0,NA
Designer,0,NA
Designer,0,NA
Designer,0,NA
Designer,0,NA
Designer,0,NA
Designer,0,NA
Designer,0,NA
Designer,0,NA
Designer,0,NA
Designer,0,NA
Designer,0,NA
Designer,0,NA
Designer,0,NA
Designer,0,NA
Designer,0,NA
Designer,0,NA
Designer,0,NA
Designer,0,NA
Designer,0,NA
Designer,0,NA
Designer,0,NA
Designer,0,NA
Designer,0,NA
Designer,0,NA
Designer,0,NA
Designer,0,NA
Designer,0,NA
Designer,0,NA
Designer,0,NA
Designer,0,NA
Designer,0,NA
Designer,0,NA
Designer,0,NA
Designer,0,NA
Designer,0,NA
Designer,0,NA
Designer,0,NA
Designer,0,NA
Designer,0,NA
Designer,0,NA
Designer,0,NA
Designer,0,NA
Designer,0,NA
Designer,0,NA
Designer,0,NA
Designer,0,NA
Designer,0,NA
Designer,0,NA
Designer,0,NA
Designer,1,284.64
Designer,0,NA
Designer,0,NA
Designer,0,NA
Designer,0,NA
Designer,0,NA
Designer,0,NA
Designer,0,NA
Designer,0,NA
Designer,0,NA
Designer,0,NA
Designer,0,NA
Designer,0,NA
Designer,0,NA
Designer,0,NA
Designer,0,NA
Designer,0,NA
Designer,0,NA
Designer,0,NA
Designer,0,NA
Designer,0,NA
Designer,0,NA
Designer,0,NA
Designer,0,NA
Designer,0,NA
Designer,0,NA
Designer,0,NA
Designer,0,NA
Designer,0,NA
Designer,0,NA
Designer,0,NA
Designer,0,NA
Designer,0,NA
Designer,0,NA
Designer,0,NA
Designer,0,NA
Designer,0,NA
Designer,0,NA
Designer,0,NA
Designer,0,NA
Designer,0,NA
Designer,0,NA
Designer,0,NA
Designer,0,NA
Designer,0,NA
Designer,0,NA
Designer,0,NA
Designer,0,NA
Designer,0,NA
Designer,0,NA
Designer,0,NA
Designer,0,NA
Designer,0,NA
Designer,0,NA
Designer,0,NA
Designer,1,98.08
Designer,0,NA
Designer,0,NA
Designer,0,NA
Designer,0,NA
Designer,0,NA
Designer,0,NA
Designer,0,NA
Designer,0,NA
Designer,0,NA
Designer,0,NA
Designer,0,NA
Designer,0,NA
Designer,0,NA
Designer,1,318.14
Designer,0,NA
Designer,0,NA
Designer,0,NA
Designer,0,NA
Designer,0,NA
Designer,0,NA
Designer,0,NA
Designer,1,64.32
Designer,0,NA
Designer,0,NA
Designer,1,233.74
Designer,1,134.19
Designer,0,NA
Designer,0,NA
Designer,0,NA
Designer,0,NA
Designer,0,NA
Designer,0,NA
Designer,0,NA
Designer,0,NA
Designer,0,NA
Designer,0,NA
Designer,0,NA
Designer,0,NA
Designer,0,NA
Designer,0,NA
Designer,0,NA
Designer,0,NA
Designer,0,NA
Designer,0,NA
Designer,0,NA
Designer,0,NA
Designer,0,NA
Designer,0,NA
Designer,0,NA
Designer,0,NA
Designer,0,NA
Designer,1,192.86
Designer,1,255.87
Designer,0,NA
Designer,0,NA
Designer,0,NA
Designer,0,NA
Designer,0,NA
Designer,0,NA
Designer,0,NA
Designer,0,NA
Designer,0,NA
Designer,0,NA
Designer,0,NA
Designer,0,NA
Designer,0,NA
Designer,0,NA
Designer,0,NA
Designer,0,NA
Designer,0,NA
Designer,0,NA
Designer,0,NA
Designer,0,NA
Designer,1,204.51
Designer,0,NA
Designer,0,NA
Designer,0,NA
Designer,0,NA
Designer,0,NA
Designer,0,NA
Designer,0,NA
Designer,0,NA
Designer,0,NA
Designer,0,NA
Designer,0,NA
Designer,0,NA
Designer,0,NA
Designer,0,NA
Designer,0,NA
Designer,0,NA
Designer,0,NA
Designer,0,NA
Designer,0,NA
Designer,0,NA
Designer,0,NA
Designer,0,NA
Designer,0,NA
Designer,0,NA
Designer,0,NA
Designer,0,NA
Designer,1,21.31
Designer,0,NA
Designer,0,NA
Designer,0,NA
Designer,0,NA
Designer,0,NA
Designer,0,NA
Designer,0,NA
Designer,0,NA
Designer,0,NA
Designer,0,NA
Designer,0,NA
Designer,0,NA
Designer,0,NA
Designer,0,NA
Designer,0,NA
Designer,0,NA
Designer,0,NA
Designer,0,NA
Designer,0,NA
Designer,0,NA
Designer,0,NA
Designer,0,NA
Designer,0,NA
Designer,0,NA
Designer,0,NA
Designer,0,NA
Designer,0,NA
Designer,0,NA
Designer,0,NA
Designer,0,NA
Designer,0,NA
Designer,0,NA
Designer,0,NA
Designer,0,NA
Designer,0,NA
Designer,0,NA
Designer,0,NA
Designer,1,223.59
Designer,0,NA
Designer,0,NA
Designer,0,NA
Designer,0,NA
Designer,0,NA
Designer,0,NA
Designer,0,NA
Designer,1,154.33
Designer,0,NA
Designer,0,NA
Designer,0,NA
Designer,0,NA
Designer,0,NA
Designer,0,NA
Designer,1,226.46
Designer,0,NA
Designer,0,NA
Designer,0,NA
Designer,0,NA
Designer,0,NA
Designer,0,NA
Designer,0,NA
Designer,0,NA
Designer,0,NA
Designer,0,NA
Designer,0,NA
Designer,0,NA
Designer,0,NA
Designer,0,NA
Designer,0,NA
Designer,0,NA
Designer,0,NA
Designer,0,NA
Designer,0,NA
Designer,0,NA
Designer,0,NA
Designer,0,NA
Designer,0,NA
Designer,0,NA
Designer,0,NA
Designer,0,NA
Designer,0,NA
Designer,0,NA
Designer,0,NA
Designer,0,NA
Designer,0,NA
Designer,0,NA
Designer,0,NA
Designer,0,NA
Designer,0,NA
Designer,0,NA
Designer,0,NA
Designer,0,NA
Designer,0,NA
Designer,0,NA
Designer,0,NA
Designer,0,NA
Designer,0,NA
Designer,0,NA
Designer,0,NA
Designer,0,NA
Designer,0,NA
Designer,0,NA
Designer,0,NA
Designer,0,NA
Designer,0,NA
Designer,0,NA
Designer,0,NA
Designer,0,NA
Designer,0,NA
Designer,1,95.78
Designer,0,NA
Designer,0,NA
Designer,0,NA
Designer,0,NA
Designer,0,NA
Designer,0,NA
Designer,0,NA
Designer,0,NA
Designer,0,NA
Designer,0,NA
Designer,0,NA
Designer,0,NA
Designer,0,NA
Designer,0,NA
Designer,0,NA
Designer,0,NA
Designer,0,NA
Designer,0,NA
Designer,0,NA
Designer,0,NA
Designer,0,NA
Designer,0,NA
Designer,0,NA
Designer,1,198.38
Designer,0,NA
Designer,0,NA
Designer,0,NA
Designer,0,NA
Designer,0,NA
Designer,0,NA
Designer,0,NA
Designer,0,NA
Designer,0,NA
Designer,0,NA
Designer,0,NA
Designer,0,NA
Designer,0,NA
Designer,0,NA
Designer,0,NA
Designer,0,NA
Designer,0,NA
Designer,0,NA
Designer,0,NA
Designer,0,NA
Designer,0,NA
Designer,0,NA
Designer,0,NA
Designer,0,NA
Designer,0,NA
Designer,0,NA
Designer,0,NA
Designer,0,NA
Designer,0,NA
Designer,0,NA
Designer,0,NA
Designer,0,NA
Designer,0,NA
Designer,0,NA
Designer,0,NA
Designer,0,NA
Designer,1,162.1
Designer,0,NA
Designer,0,NA
Designer,0,NA
Designer,0,NA
Designer,0,NA
Designer,0,NA
Designer,0,NA
Designer,0,NA
Designer,0,NA
Designer,0,NA
Designer,0,NA
Designer,0,NA
Designer,0,NA
Designer,0,NA
Designer,0,NA
Designer,0,NA
Designer,0,NA
Designer,0,NA
Designer,0,NA
Designer,0,NA
Designer,1,169.88
Designer,0,NA
Designer,0,NA
Designer,0,NA
Designer,0,NA
Designer,0,NA
Designer,0,NA
Designer,0,NA
Designer,0,NA
Designer,0,NA
Designer,0,NA
Designer,0,NA
Designer,0,NA
Designer,0,NA
Designer,0,NA
Designer,1,32.03
Designer,0,NA
Designer,0,NA
Designer,0,NA
Designer,0,NA
Designer,0,NA
Designer,0,NA
Designer,0,NA
Designer,0,NA
Designer,0,NA
Designer,0,NA
Designer,0,NA
Designer,0,NA
Designer,0,NA
Designer,0,NA
Designer,0,NA
Designer,0,NA
Designer,0,NA
Designer,0,NA
Designer,0,NA
Designer,0,NA
Designer,0,NA
Designer,0,NA
Designer,0,NA
Designer,0,NA
Designer,1,91.19
Designer,0,NA
Designer,0,NA
Designer,0,NA
Designer,0,NA
Designer,0,NA
Designer,0,NA
Designer,0,NA
Designer,0,NA
Designer,0,NA
Designer,0,NA
Designer,0,NA
Designer,0,NA
Designer,0,NA
Designer,0,NA
Designer,0,NA
Designer,0,NA
Designer,0,NA
Designer,0,NA
Designer,0,NA
Designer,0,NA
Designer,0,NA
Designer,0,NA
Designer,0,NA
Designer,0,NA
Designer,0,NA
Designer,0,NA
Designer,0,NA
Designer,0,NA
Designer,0,NA
Designer,0,NA
Designer,0,NA
Designer,0,NA
Designer,0,NA
Designer,0,NA
Designer,0,NA
Designer,0,NA
Designer,0,NA
Designer,0,NA
Designer,0,NA
Designer,0,NA
Designer,0,NA
Designer,0,NA
Designer,0,NA
Designer,0,NA
Designer,0,NA
Designer,0,NA
Designer,0,NA
Designer,0,NA
Designer,0,NA
Designer,0,NA
Designer,0,NA
Designer,0,NA
Designer,0,NA
Designer,0,NA
Designer,0,NA
Designer,0,NA
Designer,0,NA
Designer,0,NA
Designer,1,267.54
Designer,0,NA
Designer,0,NA
Designer,0,NA
Designer,0,NA
Designer,0,NA
Designer,0,NA
Designer,0,NA
Designer,0,NA
Designer,0,NA
Designer,0,NA
Designer,0,NA
Designer,0,NA
Designer,0,NA
Designer,0,NA
Designer,0,NA
Designer,0,NA
Designer,0,NA
Designer,0,NA
Designer,0,NA
Designer,0,NA
Designer,0,NA
Designer,0,NA
Designer,0,NA
Designer,0,NA
Designer,0,NA
Designer,0,NA
Designer,1,94.18
Designer,0,NA
Designer,0,NA
Designer,0,NA
Designer,0,NA
Designer,0,NA
Designer,0,NA
Designer,0,NA
Designer,0,NA
Designer,0,NA
Designer,0,NA
Designer,0,NA
Designer,0,NA
Designer,0,NA
Designer,0,NA
Designer,0,NA
Designer,0,NA
Designer,0,NA
Designer,0,NA
Designer,0,NA
Designer,0,NA
Designer,0,NA
Designer,0,NA
Designer,0,NA
Designer,0,NA
Designer,0,NA
Designer,0,NA
Designer,0,NA
Designer,0,NA
Designer,0,NA
Designer,0,NA
Designer,0,NA
Designer,0,NA
Designer,0,NA
Designer,1,179.68
Designer,0,NA
Designer,0,NA
Designer,0,NA
Designer,0,NA
Designer,0,NA
Designer,0,NA
Designer,0,NA
Designer,0,NA
Designer,0,NA
Designer,0,NA
Designer,0,NA
Designer,0,NA
Designer,0,NA
Designer,0,NA
Designer,0,NA
Designer,0,NA
Designer,0,NA
Designer,0,NA
Designer,0,NA
Designer,0,NA
Designer,1,226.89
Designer,0,NA
Designer,0,NA
Designer,0,NA
Designer,0,NA
Designer,0,NA
Designer,0,NA
Designer,0,NA
Designer,0,NA
Designer,0,NA
Designer,0,NA
Designer,0,NA
Designer,0,NA
Designer,0,NA
Designer,0,NA
Designer,0,NA
Designer,0,NA
Designer,0,NA
Designer,0,NA
Designer,0,NA
Designer,0,NA
Designer,0,NA
Designer,0,NA
Designer,0,NA
Designer,0,NA
Designer,0,NA
Designer,0,NA
Designer,0,NA
Designer,0,NA
Designer,0,NA
Designer,0,NA
Designer,0,NA
Designer,0,NA
Designer,0,NA
Designer,1,216.1
Designer,0,NA
Designer,0,NA
Designer,0,NA
Designer,0,NA
Designer,0,NA
Designer,0,NA
Designer,0,NA
Designer,0,NA
Designer,0,NA
Designer,0,NA
Designer,1,188.76
Designer,0,NA
Designer,0,NA
Designer,0,NA
Designer,0,NA
Designer,0,NA
Designer,0,NA
Designer,0,NA
Designer,0,NA
Designer,0,NA
Designer,0,NA
Designer,0,NA
Designer,0,NA
Designer,0,NA
Designer,1,194.56
Designer,0,NA
Designer,0,NA
Designer,0,NA
Designer,0,NA
Designer,0,NA
Designer,0,NA
Designer,0,NA
Designer,0,NA
Designer,0,NA
Designer,0,NA
Designer,1,182.7
Designer,0,NA
Designer,0,NA
Designer,0,NA
Designer,1,82.3
Designer,0,NA
Designer,0,NA
Designer,0,NA
Designer,0,NA
Designer,0,NA
Designer,0,NA
Designer,0,NA
Designer,0,NA
Designer,0,NA
Designer,0,NA
Designer,0,NA
Designer,0,NA
Designer,0,NA
Designer,0,NA
Designer,0,NA
Designer,0,NA
Designer,0,NA
Designer,0,NA
Designer,0,NA
Designer,0,NA
Designer,0,NA
Designer,0,NA
Designer,0,NA
Designer,0,NA
Designer,0,NA
Designer,0,NA
Designer,0,NA
Designer,1,296.03
Designer,1,98.08
Designer,0,NA
Designer,0,NA
Designer,0,NA
Designer,0,NA
Designer,0,NA
Designer,0,NA
Designer,0,NA
Designer,0,NA
Designer,0,NA
Designer,0,NA
Designer,0,NA
Designer,0,NA
Designer,0,NA
Designer,0,NA
Designer,0,NA
Designer,0,NA
Designer,0,NA
Designer,0,NA
Designer,0,NA
Designer,0,NA
Designer,0,NA
Designer,0,NA
Designer,0,NA
Designer,0,NA
Designer,0,NA
Designer,0,NA
Designer,0,NA
Designer,0,NA
Designer,0,NA
Designer,0,NA
Designer,0,NA
Designer,0,NA
Designer,0,NA
Designer,0,NA
Designer,0,NA
Designer,1,175.24
Designer,0,NA
Designer,0,NA
Designer,0,NA
Designer,0,NA
Designer,0,NA
Designer,0,NA
Designer,0,NA
Designer,0,NA
Designer,0,NA
Designer,0,NA
Designer,0,NA
Designer,0,NA
Designer,0,NA
Designer,0,NA
Designer,0,NA
Designer,0,NA
Designer,0,NA
Designer,0,NA
Designer,0,NA
Designer,0,NA
Designer,0,NA
Designer,1,175.46
Designer,0,NA
Designer,0,NA
Designer,0,NA
Designer,0,NA
Designer,0,NA
Designer,0,NA
Designer,0,NA
Designer,0,NA
Designer,0,NA
Designer,0,NA
Designer,0,NA
Designer,0,NA
Designer,0,NA
Designer,0,NA
Designer,0,NA
Designer,0,NA
Designer,0,NA
Designer,0,NA
Designer,0,NA
Designer,0,NA
Designer,0,NA
Designer,0,NA
Designer,0,NA
Designer,0,NA
Designer,0,NA
Designer,0,NA
Designer,0,NA
Designer,0,NA
Designer,0,NA
Designer,0,NA
Designer,0,NA
Designer,0,NA
Designer,0,NA
Designer,1,197.53
Designer,0,NA
Designer,0,NA
Designer,0,NA
Designer,0,NA
Designer,0,NA
Designer,0,NA
Designer,0,NA
Designer,0,NA
Designer,0,NA
Designer,0,NA
Designer,0,NA
Designer,0,NA
Designer,0,NA
Designer,0,NA
Designer,0,NA
Designer,0,NA
Designer,0,NA
Designer,1,160.07
Designer,0,NA
Designer,0,NA
Designer,0,NA
Designer,0,NA
Designer,0,NA
Designer,0,NA
Designer,0,NA
Designer,0,NA
Designer,0,NA
Designer,0,NA
Designer,0,NA
Designer,0,NA
Designer,0,NA
Designer,0,NA
Designer,0,NA
Designer,0,NA
Designer,0,NA
Designer,0,NA
Designer,0,NA
Designer,0,NA
Designer,0,NA
Designer,0,NA
Designer,0,NA
Designer,0,NA
Designer,0,NA
Designer,0,NA
Designer,0,NA
Designer,0,NA
Designer,0,NA
Designer,0,NA
Designer,0,NA
Designer,1,153.87
Designer,0,NA
Designer,0,NA
Designer,0,NA
Designer,0,NA
Designer,0,NA
Designer,0,NA
Designer,0,NA
Designer,0,NA
Designer,0,NA
Designer,0,NA
Designer,0,NA
Designer,0,NA
Designer,0,NA
Designer,0,NA
Designer,0,NA
Designer,0,NA
Designer,0,NA
Designer,0,NA
Designer,0,NA
Designer,0,NA
Designer,0,NA
Designer,1,244.54
Designer,1,133.01
Designer,0,NA
Designer,0,NA
Designer,0,NA
Designer,0,NA
Designer,0,NA
Designer,0,NA
Designer,0,NA
Designer,0,NA
Designer,0,NA
Designer,0,NA
Designer,0,NA
Designer,0,NA
Designer,0,NA
Designer,0,NA
Designer,0,NA
Designer,0,NA
Designer,0,NA
Designer,0,NA
Designer,1,149.08
Designer,0,NA
Designer,0,NA
Designer,0,NA
Designer,0,NA
Designer,0,NA
Designer,0,NA
Designer,0,NA
Designer,0,NA
Designer,0,NA
Designer,0,NA
Designer,0,NA
Designer,0,NA
Designer,0,NA
Designer,0,NA
Designer,0,NA
Designer,0,NA
Designer,1,174.12
Designer,0,NA
Designer,0,NA
Designer,0,NA
Designer,0,NA
Designer,0,NA
Designer,1,133.56
Designer,0,NA
Designer,0,NA
Designer,0,NA
Designer,0,NA
Designer,0,NA
Designer,0,NA
Designer,0,NA
Designer,0,NA
Designer,0,NA
Designer,0,NA
Designer,0,NA
Designer,0,NA
Designer,0,NA
Designer,0,NA
Designer,0,NA
Designer,0,NA
Designer,0,NA
Designer,0,NA
Designer,0,NA
Designer,0,NA
Designer,0,NA
Designer,0,NA
Designer,0,NA
Designer,0,NA
Designer,0,NA
Designer,0,NA
Designer,0,NA
Designer,0,NA
Designer,0,NA
Designer,0,NA
Designer,0,NA
Designer,0,NA
Designer,0,NA
Designer,0,NA
Designer,0,NA
Designer,0,NA
Designer,0,NA
Designer,0,NA
Designer,0,NA
Designer,0,NA
Designer,0,NA
Designer,0,NA
Designer,1,127.67
Designer,0,NA
Designer,0,NA
Designer,0,NA
Designer,0,NA
Designer,0,NA
Designer,0,NA
Designer,0,NA
Designer,0,NA
Designer,0,NA
Designer,0,NA
Designer,0,NA
Designer,0,NA
Designer,0,NA
Designer,0,NA
Designer,1,217.4
Designer,0,NA
Designer,0,NA
Designer,0,NA
Designer,0,NA
Designer,0,NA
Designer,0,NA
Designer,0,NA
Designer,0,NA
Designer,0,NA
Designer,0,NA
Designer,0,NA
Designer,0,NA
Designer,0,NA
Designer,0,NA
Designer,0,NA
Designer,0,NA
Designer,0,NA
Designer,0,NA
Designer,0,NA
Designer,1,237.98
Designer,0,NA
Designer,0,NA
Designer,0,NA
Designer,0,NA
Designer,0,NA
Designer,0,NA
Designer,0,NA
Designer,0,NA
Designer,0,NA
Designer,0,NA
Designer,0,NA
Designer,0,NA
Designer,0,NA
Designer,0,NA
Designer,0,NA
Designer,0,NA
Designer,0,NA
Designer,0,NA
Designer,0,NA
Designer,0,NA
Designer,0,NA
Designer,1,172.67
Designer,0,NA
Designer,0,NA
Designer,0,NA
Designer,0,NA
Designer,0,NA
Designer,0,NA
Designer,0,NA
Designer,0,NA
Designer,0,NA
Designer,0,NA
Designer,0,NA
Designer,0,NA
Designer,0,NA
Designer,0,NA
Designer,0,NA
Designer,0,NA
Designer,0,NA
Designer,1,235.34
Designer,0,NA
Designer,0,NA
Designer,0,NA
Designer,0,NA
Designer,0,NA
Designer,1,72.73
Designer,0,NA
Designer,0,NA
Designer,0,NA
Designer,0,NA
Designer,0,NA
Designer,0,NA
Designer,0,NA
Designer,0,NA
Designer,0,NA
Designer,0,NA
Designer,0,NA
Designer,0,NA
Designer,0,NA
Designer,0,NA
Designer,0,NA
Designer,0,NA
Designer,0,NA
Designer,0,NA
Designer,0,NA
Designer,0,NA
Designer,0,NA
Designer,0,NA
Designer,0,NA
Designer,0,NA
Designer,0,NA
Designer,0,NA
Designer,1,264.98
Designer,0,NA
Designer,0,NA
Designer,0,NA
Designer,0,NA
Designer,0,NA
Designer,0,NA
Designer,0,NA
Designer,0,NA
Designer,0,NA
Designer,0,NA
Designer,0,NA
Designer,0,NA
Designer,0,NA
Designer,0,NA
Designer,0,NA
Designer,0,NA
Designer,0,NA
Designer,0,NA
Designer,0,NA
Designer,0,NA
Designer,0,NA
Designer,0,NA
Designer,0,NA
Designer,0,NA
Designer,0,NA
Designer,0,NA
Designer,0,NA
Designer,0,NA
Designer,0,NA
Designer,0,NA
Designer,0,NA
Designer,0,NA
Designer,0,NA
Designer,0,NA
Designer,0,NA
Designer,0,NA
Designer,0,NA
Designer,0,NA
Designer,0,NA
Designer,0,NA
Designer,0,NA
Designer,0,NA
Designer,0,NA
Designer,0,NA
Designer,0,NA
Designer,0,NA
Designer,0,NA
Designer,0,NA
Designer,0,NA
Designer,0,NA
Designer,0,NA
Designer,0,NA
Designer,0,NA
Designer,0,NA
Designer,0,NA
Designer,0,NA
Designer,0,NA
Designer,0,NA
Designer,0,NA
Designer,0,NA
Designer,0,NA
Designer,0,NA
Designer,0,NA
Designer,0,NA
Designer,0,NA
Designer,0,NA
Designer,0,NA
Designer,0,NA
Designer,0,NA
Designer,1,163.18
Designer,0,NA
Designer,0,NA
Designer,0,NA
Designer,0,NA
Designer,0,NA
Designer,1,221.76
Designer,0,NA
Designer,0,NA
Designer,0,NA
Designer,0,NA
Designer,0,NA
Designer,0,NA
Designer,0,NA
Designer,0,NA
Designer,0,NA
Designer,0,NA
Designer,0,NA
Designer,0,NA
Designer,0,NA
Designer,0,NA
Designer,0,NA
Designer,0,NA
Designer,0,NA
Designer,0,NA
In-House,0,NA
In-House,0,NA
In-House,0,NA
In-House,0,NA
In-House,0,NA
In-House,0,NA
In-House,0,NA
In-House,0,NA
In-House,0,NA
In-House,0,NA
In-House,0,NA
In-House,0,NA
In-House,0,NA
In-House,0,NA
In-House,0,NA
In-House,0,NA
In-House,0,NA
In-House,0,NA
In-House,0,NA
In-House,0,NA
In-House,0,NA
In-House,0,NA
In-House,0,NA
In-House,0,NA
In-House,0,NA
In-House,0,NA
In-House,0,NA
In-House,0,NA
In-House,0,NA
In-House,0,NA
In-House,0,NA
In-House,0,NA
In-House,0,NA
In-House,0,NA
In-House,0,NA
In-House,0,NA
In-House,0,NA
In-House,0,NA
In-House,0,NA
In-House,0,NA
In-House,0,NA
In-House,0,NA
In-House,0,NA
In-House,0,NA
In-House,0,NA
In-House,0,NA
In-House,0,NA
In-House,0,NA
In-House,0,NA
In-House,0,NA
In-House,0,NA
In-House,0,NA
In-House,0,NA
In-House,0,NA
In-House,0,NA
In-House,0,NA
In-House,0,NA
In-House,0,NA
In-House,0,NA
In-House,0,NA
In-House,0,NA
In-House,0,NA
In-House,0,NA
In-House,0,NA
In-House,0,NA
In-House,0,NA
In-House,0,NA
In-House,0,NA
In-House,0,NA
In-House,0,NA
In-House,0,NA
In-House,1,175.82
In-House,0,NA
In-House,0,NA
In-House,0,NA
In-House,0,NA
In-House,0,NA
In-House,0,NA
In-House,0,NA
In-House,0,NA
In-House,0,NA
In-House,0,NA
In-House,0,NA
In-House,0,NA
In-House,0,NA
In-House,0,NA
In-House,0,NA
In-House,0,NA
In-House,0,NA
In-House,0,NA
In-House,0,NA
In-House,0,NA
In-House,0,NA
In-House,0,NA
In-House,0,NA
In-House,0,NA
In-House,0,NA
In-House,0,NA
In-House,0,NA
In-House,0,NA
In-House,0,NA
In-House,0,NA
In-House,0,NA
In-House,0,NA
In-House,0,NA
In-House,0,NA
In-House,1,158.9
In-House,0,NA
In-House,0,NA
In-House,0,NA
In-House,0,NA
In-House,0,NA
In-House,0,NA
In-House,0,NA
In-House,0,NA
In-House,0,NA
In-House,0,NA
In-House,0,NA
In-House,0,NA
In-House,0,NA
In-House,0,NA
In-House,0,NA
In-House,0,NA
In-House,0,NA
In-House,0,NA
In-House,0,NA
In-House,0,NA
In-House,0,NA
In-House,0,NA
In-House,0,NA
In-House,0,NA
In-House,0,NA
In-House,0,NA
In-House,0,NA
In-House,0,NA
In-House,0,NA
In-House,0,NA
In-House,0,NA
In-House,0,NA
In-House,0,NA
In-House,0,NA
In-House,0,NA
In-House,1,58.07
In-House,0,NA
In-House,0,NA
In-House,0,NA
In-House,0,NA
In-House,0,NA
In-House,0,NA
In-House,0,NA
In-House,0,NA
In-House,0,NA
In-House,0,NA
In-House,0,NA
In-House,0,NA
In-House,0,NA
In-House,0,NA
In-House,0,NA
In-House,0,NA
In-House,0,NA
In-House,0,NA
In-House,0,NA
In-House,0,NA
In-House,0,NA
In-House,0,NA
In-House,0,NA
In-House,0,NA
In-House,0,NA
In-House,0,NA
In-House,0,NA
In-House,0,NA
In-House,0,NA
In-House,0,NA
In-House,0,NA
In-House,0,NA
In-House,0,NA
In-House,0,NA
In-House,0,NA
In-House,0,NA
In-House,0,NA
In-House,0,NA
In-House,0,NA
In-House,0,NA
In-House,0,NA
In-House,1,102.29
In-House,1,201.61
In-House,0,NA
In-House,0,NA
In-House,0,NA
In-House,0,NA
In-House,0,NA
In-House,0,NA
In-House,0,NA
In-House,0,NA
In-House,0,NA
In-House,0,NA
In-House,0,NA
In-House,0,NA
In-House,0,NA
In-House,0,NA
In-House,0,NA
In-House,0,NA
In-House,0,NA
In-House,1,211.32
In-House,0,NA
In-House,0,NA
In-House,0,NA
In-House,0,NA
In-House,0,NA
In-House,0,NA
In-House,0,NA
In-House,0,NA
In-House,1,91.78
In-House,1,203.85
In-House,0,NA
In-House,0,NA
In-House,0,NA
In-House,0,NA
In-House,0,NA
In-House,0,NA
In-House,0,NA
In-House,0,NA
In-House,0,NA
In-House,0,NA
In-House,0,NA
In-House,0,NA
In-House,0,NA
In-House,0,NA
In-House,1,125.41
In-House,0,NA
In-House,0,NA
In-House,0,NA
In-House,0,NA
In-House,0,NA
In-House,1,230.72
In-House,0,NA
In-House,0,NA
In-House,0,NA
In-House,0,NA
In-House,0,NA
In-House,0,NA
In-House,0,NA
In-House,0,NA
In-House,0,NA
In-House,0,NA
In-House,0,NA
In-House,0,NA
In-House,0,NA
In-House,0,NA
In-House,0,NA
In-House,0,NA
In-House,0,NA
In-House,0,NA
In-House,0,NA
In-House,0,NA
In-House,0,NA
In-House,0,NA
In-House,0,NA
In-House,0,NA
In-House,1,234.71
In-House,0,NA
In-House,0,NA
In-House,0,NA
In-House,0,NA
In-House,0,NA
In-House,0,NA
In-House,0,NA
In-House,0,NA
In-House,0,NA
In-House,0,NA
In-House,0,NA
In-House,0,NA
In-House,0,NA
In-House,0,NA
In-House,0,NA
In-House,0,NA
In-House,0,NA
In-House,0,NA
In-House,0,NA
In-House,0,NA
In-House,0,NA
In-House,0,NA
In-House,0,NA
In-House,0,NA
In-House,0,NA
In-House,0,NA
In-House,0,NA
In-House,1,113.81
In-House,0,NA
In-House,0,NA
In-House,0,NA
In-House,0,NA
In-House,0,NA
In-House,0,NA
In-House,0,NA
In-House,0,NA
In-House,0,NA
In-House,0,NA
In-House,0,NA
In-House,0,NA
In-House,0,NA
In-House,0,NA
In-House,0,NA
In-House,0,NA
In-House,0,NA
In-House,0,NA
In-House,0,NA
In-House,0,NA
In-House,0,NA
In-House,0,NA
In-House,0,NA
In-House,0,NA
In-House,0,NA
In-House,0,NA
In-House,0,NA
In-House,0,NA
In-House,0,NA
In-House,0,NA
In-House,0,NA
In-House,0,NA
In-House,0,NA
In-House,0,NA
In-House,0,NA
In-House,0,NA
In-House,0,NA
In-House,0,NA
In-House,0,NA
In-House,0,NA
In-House,0,NA
In-House,0,NA
In-House,0,NA
In-House,0,NA
In-House,0,NA
In-House,0,NA
In-House,0,NA
In-House,0,NA
In-House,0,NA
In-House,0,NA
In-House,1,168.57
In-House,0,NA
In-House,0,NA
In-House,0,NA
In-House,0,NA
In-House,1,73.98
In-House,0,NA
In-House,0,NA
In-House,0,NA
In-House,0,NA
In-House,0,NA
In-House,0,NA
In-House,0,NA
In-House,0,NA
In-House,0,NA
In-House,0,NA
In-House,0,NA
In-House,0,NA
In-House,0,NA
In-House,0,NA
In-House,0,NA
In-House,0,NA
In-House,0,NA
In-House,0,NA
In-House,0,NA
In-House,0,NA
In-House,0,NA
In-House,0,NA
In-House,0,NA
In-House,0,NA
In-House,0,NA
In-House,0,NA
In-House,0,NA
In-House,0,NA
In-House,0,NA
In-House,0,NA
In-House,0,NA
In-House,0,NA
In-House,0,NA
In-House,0,NA
In-House,0,NA
In-House,1,120.48
In-House,0,NA
In-House,0,NA
In-House,0,NA
In-House,0,NA
In-House,0,NA
In-House,0,NA
In-House,0,NA
In-House,0,NA
In-House,0,NA
In-House,0,NA
In-House,1,175.79
In-House,0,NA
In-House,0,NA
In-House,0,NA
In-House,1,14.35
In-House,0,NA
In-House,0,NA
In-House,0,NA
In-House,0,NA
In-House,0,NA
In-House,0,NA
In-House,0,NA
In-House,0,NA
In-House,0,NA
In-House,0,NA
In-House,0,NA
In-House,0,NA
In-House,0,NA
In-House,0,NA
In-House,0,NA
In-House,0,NA
In-House,0,NA
In-House,0,NA
In-House,0,NA
In-House,0,NA
In-House,0,NA
In-House,0,NA
In-House,0,NA
In-House,0,NA
In-House,0,NA
In-House,0,NA
In-House,0,NA
In-House,0,NA
In-House,0,NA
In-House,0,NA
In-House,0,NA
In-House,0,NA
In-House,0,NA
In-House,0,NA
In-House,0,NA
In-House,0,NA
In-House,0,NA
In-House,0,NA
In-House,0,NA
In-House,0,NA
In-House,0,NA
In-House,0,NA
In-House,0,NA
In-House,0,NA
In-House,0,NA
In-House,0,NA
In-House,0,NA
In-House,0,NA
In-House,0,NA
In-House,0,NA
In-House,0,NA
In-House,0,NA
In-House,0,NA
In-House,1,125.56
In-House,0,NA
In-House,0,NA
In-House,0,NA
In-House,0,NA
In-House,0,NA
In-House,0,NA
In-House,0,NA
In-House,0,NA
In-House,0,NA
In-House,0,NA
In-House,0,NA
In-House,0,NA
In-House,0,NA
In-House,0,NA
In-House,0,NA
In-House,0,NA
In-House,0,NA
In-House,0,NA
In-House,0,NA
In-House,0,NA
In-House,0,NA
In-House,0,NA
In-House,0,NA
In-House,0,NA
In-House,0,NA
In-House,0,NA
In-House,0,NA
In-House,0,NA
In-House,0,NA
In-House,0,NA
In-House,0,NA
In-House,0,NA
In-House,0,NA
In-House,0,NA
In-House,0,NA
In-House,0,NA
In-House,0,NA
In-House,0,NA
In-House,0,NA
In-House,0,NA
In-House,0,NA
In-House,0,NA
In-House,0,NA
In-House,0,NA
In-House,0,NA
In-House,0,NA
In-House,0,NA
In-House,0,NA
In-House,0,NA
In-House,0,NA
In-House,0,NA
In-House,0,NA
In-House,0,NA
In-House,0,NA
In-House,0,NA
In-House,0,NA
In-House,0,NA
In-House,0,NA
In-House,0,NA
In-House,0,NA
In-House,0,NA
In-House,0,NA
In-House,0,NA
In-House,0,NA
In-House,0,NA
In-House,0,NA
In-House,0,NA
In-House,0,NA
In-House,0,NA
In-House,0,NA
In-House,0,NA
In-House,0,NA
In-House,0,NA
In-House,0,NA
In-House,0,NA
In-House,1,171.56
In-House,0,NA
In-House,0,NA
In-House,0,NA
In-House,0,NA
In-House,0,NA
In-House,0,NA
In-House,0,NA
In-House,0,NA
In-House,0,NA
In-House,0,NA
In-House,0,NA
In-House,0,NA
In-House,0,NA
In-House,0,NA
In-House,0,NA
In-House,0,NA
In-House,0,NA
In-House,0,NA
In-House,0,NA
In-House,0,NA
In-House,0,NA
In-House,0,NA
In-House,1,30.3
In-House,0,NA
In-House,0,NA
In-House,0,NA
In-House,0,NA
In-House,0,NA
In-House,0,NA
In-House,0,NA
In-House,0,NA
In-House,0,NA
In-House,0,NA
In-House,0,NA
In-House,0,NA
In-House,0,NA
In-House,0,NA
In-House,0,NA
In-House,0,NA
In-House,0,NA
In-House,0,NA
In-House,0,NA
In-House,0,NA
In-House,0,NA
In-House,0,NA
In-House,0,NA
In-House,0,NA
In-House,0,NA
In-House,0,NA
In-House,1,246.61
In-House,0,NA
In-House,1,155.57
In-House,0,NA
In-House,0,NA
In-House,0,NA
In-House,0,NA
In-House,0,NA
In-House,0,NA
In-House,0,NA
In-House,1,99.04
In-House,0,NA
In-House,0,NA
In-House,0,NA
In-House,0,NA
In-House,0,NA
In-House,0,NA
In-House,0,NA
In-House,0,NA
In-House,0,NA
In-House,0,NA
In-House,0,NA
In-House,0,NA
In-House,0,NA
In-House,0,NA
In-House,0,NA
In-House,0,NA
In-House,0,NA
In-House,0,NA
In-House,0,NA
In-House,0,NA
In-House,0,NA
In-House,0,NA
In-House,0,NA
In-House,0,NA
In-House,0,NA
In-House,0,NA
In-House,0,NA
In-House,0,NA
In-House,0,NA
In-House,0,NA
In-House,0,NA
In-House,0,NA
In-House,0,NA
In-House,0,NA
In-House,1,242.28
In-House,0,NA
In-House,0,NA
In-House,0,NA
In-House,0,NA
In-House,0,NA
In-House,0,NA
In-House,0,NA
In-House,1,243.03
In-House,0,NA
In-House,0,NA
In-House,0,NA
In-House,0,NA
In-House,0,NA
In-House,0,NA
In-House,0,NA
In-House,0,NA
In-House,0,NA
In-House,0,NA
In-House,0,NA
In-House,0,NA
In-House,0,NA
In-House,0,NA
In-House,0,NA
In-House,0,NA
In-House,0,NA
In-House,0,NA
In-House,0,NA
In-House,0,NA
In-House,0,NA
In-House,0,NA
In-House,0,NA
In-House,0,NA
In-House,0,NA
In-House,0,NA
In-House,0,NA
In-House,0,NA
In-House,0,NA
In-House,0,NA
In-House,0,NA
In-House,0,NA
In-House,0,NA
In-House,0,NA
In-House,0,NA
In-House,0,NA
In-House,0,NA
In-House,0,NA
In-House,0,NA
In-House,0,NA
In-House,0,NA
In-House,0,NA
In-House,0,NA
In-House,0,NA
In-House,0,NA
In-House,0,NA
In-House,0,NA
In-House,0,NA
In-House,0,NA
In-House,0,NA
In-House,0,NA
In-House,0,NA
In-House,0,NA
In-House,0,NA
In-House,0,NA
In-House,0,NA
In-House,0,NA
In-House,0,NA
In-House,0,NA
In-House,0,NA
In-House,0,NA
In-House,0,NA
In-House,0,NA
In-House,0,NA
In-House,0,NA
In-House,0,NA
In-House,0,NA
In-House,0,NA
In-House,0,NA
In-House,0,NA
In-House,0,NA
In-House,1,110.33
In-House,0,NA
In-House,0,NA
In-House,0,NA
In-House,0,NA
In-House,0,NA
In-House,0,NA
In-House,0,NA
In-House,0,NA
In-House,0,NA
In-House,0,NA
In-House,0,NA
In-House,0,NA
In-House,0,NA
In-House,0,NA
In-House,0,NA
In-House,0,NA
In-House,0,NA
In-House,0,NA
In-House,0,NA
In-House,0,NA
In-House,1,124.73
In-House,0,NA
In-House,0,NA
In-House,0,NA
In-House,0,NA
In-House,0,NA
In-House,0,NA
In-House,0,NA
In-House,0,NA
In-House,0,NA
In-House,0,NA
In-House,0,NA
In-House,0,NA
In-House,0,NA
In-House,0,NA
In-House,0,NA
In-House,0,NA
In-House,0,NA
In-House,0,NA
In-House,0,NA
In-House,0,NA
In-House,0,NA
In-House,0,NA
In-House,0,NA
In-House,0,NA
In-House,0,NA
In-House,0,NA
In-House,0,NA
In-House,0,NA
In-House,0,NA
In-House,0,NA
In-House,0,NA
In-House,0,NA
In-House,0,NA
In-House,0,NA
In-House,0,NA
In-House,0,NA
In-House,0,NA
In-House,0,NA
In-House,0,NA
In-House,0,NA
In-House,0,NA
In-House,0,NA
In-House,0,NA
In-House,0,NA
In-House,0,NA
In-House,0,NA
In-House,0,NA
In-House,0,NA
In-House,0,NA
In-House,0,NA
In-House,0,NA
In-House,0,NA
In-House,0,NA
In-House,0,NA
In-House,0,NA
In-House,0,NA
In-House,0,NA
In-House,0,NA
In-House,0,NA
In-House,0,NA
In-House,0,NA
In-House,0,NA
In-House,0,NA
In-House,0,NA
In-House,0,NA
In-House,0,NA
In-House,0,NA
In-House,0,NA
In-House,0,NA
In-House,0,NA
In-House,0,NA
In-House,0,NA
In-House,0,NA
In-House,0,NA
In-House,0,NA
In-House,0,NA
In-House,0,NA
In-House,0,NA
In-House,0,NA
In-House,1,154.46
In-House,0,NA
In-House,0,NA
In-House,0,NA
In-House,0,NA
In-House,0,NA
In-House,0,NA
In-House,0,NA
In-House,0,NA
In-House,0,NA
In-House,0,NA
In-House,1,113.73
In-House,1,231.28
In-House,0,NA
In-House,0,NA
In-House,0,NA
In-House,0,NA
In-House,0,NA
In-House,0,NA
In-House,0,NA
In-House,0,NA
In-House,0,NA
In-House,0,NA
In-House,0,NA
In-House,0,NA
In-House,0,NA
In-House,0,NA
In-House,0,NA
In-House,0,NA
In-House,0,NA
In-House,0,NA
In-House,0,NA
In-House,0,NA
In-House,0,NA
In-House,0,NA
In-House,0,NA
In-House,0,NA
In-House,0,NA
In-House,0,NA
In-House,0,NA
In-House,0,NA
In-House,0,NA
In-House,0,NA
In-House,0,NA
In-House,0,NA
In-House,0,NA
In-House,0,NA
In-House,0,NA
In-House,0,NA
In-House,0,NA
In-House,0,NA
In-House,0,NA
In-House,0,NA
In-House,0,NA
In-House,0,NA
In-House,0,NA
In-House,0,NA
In-House,0,NA
In-House,0,NA
In-House,0,NA
In-House,0,NA
In-House,0,NA
In-House,0,NA
In-House,0,NA
In-House,0,NA
In-House,0,NA
In-House,0,NA
In-House,0,NA
In-House,0,NA
In-House,0,NA
In-House,0,NA
In-House,0,NA
In-House,0,NA
In-House,0,NA
In-House,0,NA
In-House,0,NA
In-House,0,NA
In-House,1,120.73
In-House,0,NA
In-House,1,92.65
In-House,0,NA
In-House,0,NA
In-House,0,NA
In-House,0,NA
In-House,0,NA
In-House,0,NA
In-House,0,NA
In-House,0,NA
In-House,0,NA
In-House,0,NA
In-House,0,NA
In-House,0,NA
In-House,0,NA
In-House,0,NA
In-House,0,NA
In-House,0,NA
In-House,0,NA
In-House,0,NA
In-House,0,NA
In-House,1,124.19
In-House,0,NA
In-House,0,NA
In-House,0,NA
In-House,1,205.83
In-House,0,NA
In-House,0,NA
In-House,0,NA
In-House,0,NA
In-House,0,NA
In-House,0,NA
In-House,1,101.49
In-House,0,NA
In-House,0,NA
In-House,0,NA
In-House,0,NA
In-House,0,NA
In-House,0,NA
In-House,0,NA
In-House,0,NA
In-House,0,NA
In-House,0,NA
In-House,0,NA
In-House,0,NA
In-House,0,NA
In-House,0,NA
In-House,0,NA
In-House,0,NA
In-House,0,NA
In-House,0,NA
In-House,0,NA
In-House,0,NA
In-House,0,NA
In-House,0,NA
In-House,0,NA
In-House,0,NA
In-House,0,NA
In-House,0,NA
In-House,0,NA
In-House,0,NA
In-House,0,NA
In-House,0,NA
In-House,0,NA
In-House,0,NA
In-House,0,NA
In-House,0,NA
In-House,0,NA
In-House,0,NA
In-House,0,NA
In-House,0,NA
In-House,0,NA
In-House,0,NA
In-House,0,NA
In-House,0,NA
In-House,0,NA
In-House,0,NA
In-House,0,NA
In-House,0,NA
In-House,0,NA
In-House,0,NA
In-House,0,NA
In-House,0,NA
In-House,0,NA
In-House,0,NA
In-House,0,NA
In-House,0,NA
In-House,0,NA
In-House,0,NA
In-House,0,NA
In-House,0,NA
In-House,0,NA
In-House,0,NA
In-House,0,NA
In-House,1,117.13
In-House,0,NA
In-House,0,NA
In-House,0,NA
In-House,0,NA
In-House,0,NA
In-House,0,NA
In-House,0,NA
In-House,1,203.54
In-House,0,NA
In-House,0,NA
In-House,0,NA
In-House,0,NA
In-House,0,NA
In-House,0,NA
In-House,0,NA
In-House,0,NA
In-House,0,NA
In-House,0,NA
In-House,0,NA
In-House,1,173.57
In-House,0,NA
In-House,0,NA
In-House,1,134.69
In-House,0,NA
In-House,0,NA
In-House,0,NA
In-House,0,NA
In-House,0,NA
In-House,1,108.87
In-House,0,NA
In-House,0,NA
In-House,0,NA
In-House,0,NA
In-House,0,NA
In-House,0,NA
In-House,0,NA
In-House,0,NA
In-House,0,NA
In-House,0,NA
In-House,0,NA
In-House,0,NA
In-House,0,NA
In-House,0,NA
In-House,0,NA
In-House,0,NA
In-House,0,NA
In-House,0,NA
In-House,0,NA
In-House,0,NA
In-House,0,NA
In-House,0,NA
In-House,0,NA
In-House,0,NA
In-House,0,NA
In-House,0,NA
In-House,0,NA
In-House,0,NA
In-House,0,NA
In-House,0,NA
In-House,0,NA
In-House,0,NA
In-House,0,NA
In-House,0,NA
In-House,0,NA
In-House,0,NA
In-House,0,NA
In-House,0,NA
In-House,0,NA
In-House,0,NA
In-House,0,NA
In-House,0,NA
In-House,0,NA
In-House,0,NA
In-House,0,NA
In-House,0,NA
In-House,1,144.68
In-House,0,NA
In-House,0,NA
In-House,0,NA
In-House,0,NA
In-House,0,NA
In-House,0,NA
In-House,0,NA
In-House,0,NA
In-House,0,NA
In-House,0,NA
In-House,0,NA
In-House,0,NA
In-House,0,NA
In-House,0,NA
In-House,0,NA
In-House,0,NA
In-House,0,NA
In-House,0,NA
In-House,0,NA
In-House,0,NA
In-House,0,NA
In-House,0,NA
In-House,0,NA
In-House,0,NA
In-House,0,NA
In-House,0,NA
In-House,0,NA
In-House,0,NA
In-House,0,NA
In-House,0,NA
In-House,1,97.18
In-House,0,NA
In-House,0,NA
In-House,0,NA
In-House,0,NA
In-House,0,NA
In-House,0,NA
In-House,0,NA
In-House,0,NA
In-House,0,NA
In-House,0,NA
In-House,0,NA
In-House,0,NA
In-House,0,NA
In-House,0,NA
In-House,0,NA
In-House,1,124.55
In-House,0,NA
In-House,0,NA
In-House,0,NA
In-House,0,NA
In-House,0,NA
In-House,0,NA
In-House,0,NA
In-House,0,NA
In-House,1,101.09
In-House,0,NA
In-House,0,NA
In-House,0,NA
In-House,1,169.03
In-House,0,NA
In-House,0,NA
In-House,0,NA
In-House,0,NA
In-House,0,NA
In-House,0,NA
In-House,0,NA
In-House,0,NA
In-House,0,NA
In-House,0,NA
In-House,0,NA
In-House,0,NA
In-House,0,NA
In-House,0,NA
In-House,0,NA
In-House,0,NA
In-House,0,NA
In-House,0,NA
In-House,0,NA
In-House,0,NA
In-House,0,NA
In-House,0,NA
In-House,0,NA
In-House,0,NA
In-House,0,NA
In-House,0,NA
In-House,0,NA
In-House,0,NA
In-House,0,NA
In-House,0,NA
In-House,0,NA
In-House,0,NA
In-House,0,NA
In-House,0,NA
In-House,0,NA
In-House,0,NA
In-House,0,NA
In-House,0,NA
In-House,0,NA
In-House,0,NA
In-House,1,182.02
In-House,0,NA
In-House,0,NA
In-House,0,NA
In-House,0,NA
In-House,0,NA
In-House,0,NA
In-House,0,NA
In-House,0,NA
In-House,0,NA
In-House,0,NA
In-House,0,NA
In-House,0,NA
In-House,0,NA
In-House,0,NA
In-House,0,NA
In-House,0,NA
In-House,0,NA
In-House,0,NA
In-House,0,NA
In-House,0,NA
In-House,0,NA
In-House,0,NA
In-House,0,NA
In-House,0,NA
In-House,0,NA
In-House,0,NA
In-House,0,NA
In-House,0,NA
In-House,0,NA
In-House,0,NA
In-House,0,NA
In-House,0,NA
In-House,0,NA
In-House,0,NA
In-House,0,NA
In-House,0,NA
In-House,0,NA
In-House,0,NA
In-House,0,NA
In-House,0,NA
In-House,0,NA
In-House,0,NA
In-House,0,NA
In-House,0,NA
In-House,0,NA
In-House,0,NA
In-House,0,NA
In-House,0,NA
In-House,0,NA
In-House,0,NA
In-House,0,NA
In-House,0,NA
In-House,1,256.99
In-House,0,NA
In-House,0,NA
In-House,0,NA
In-House,1,73.01
In-House,0,NA
In-House,0,NA
In-House,0,NA
In-House,0,NA
In-House,0,NA
In-House,0,NA
In-House,0,NA
In-House,0,NA
In-House,0,NA
In-House,0,NA
In-House,0,NA
In-House,0,NA
In-House,0,NA
In-House,0,NA
In-House,0,NA
In-House,0,NA
In-House,0,NA
In-House,0,NA
In-House,0,NA
In-House,0,NA
In-House,1,108.94
In-House,0,NA
In-House,0,NA
In-House,0,NA
In-House,0,NA
In-House,0,NA
In-House,0,NA
In-House,0,NA
In-House,0,NA
In-House,0,NA
In-House,0,NA
In-House,0,NA
In-House,0,NA
In-House,0,NA
In-House,0,NA
In-House,0,NA
In-House,0,NA
In-House,0,NA
In-House,0,NA
In-House,0,NA
In-House,0,NA
In-House,1,219.21
In-House,0,NA
In-House,0,NA
In-House,0,NA
In-House,0,NA
In-House,0,NA
In-House,0,NA
In-House,0,NA
In-House,0,NA
In-House,0,NA
In-House,0,NA
In-House,0,NA
In-House,0,NA
In-House,0,NA
In-House,0,NA
In-House,0,NA
In-House,0,NA
In-House,0,NA
In-House,0,NA
In-House,0,NA
In-House,0,NA
In-House,0,NA
In-House,0,NA
In-House,0,NA
In-House,1,206.04
In-House,0,NA
In-House,0,NA
In-House,0,NA
In-House,0,NA
In-House,1,145.11
In-House,0,NA
In-House,0,NA
In-House,0,NA
In-House,0,NA
In-House,0,NA
In-House,0,NA
In-House,0,NA
In-House,0,NA
In-House,0,NA
In-House,0,NA
In-House,0,NA
In-House,0,NA
In-House,0,NA
In-House,0,NA
In-House,0,NA
In-House,0,NA
In-House,0,NA
In-House,0,NA
In-House,0,NA
In-House,0,NA
In-House,0,NA
In-House,0,NA
In-House,0,NA
In-House,0,NA
In-House,0,NA
In-House,0,NA
In-House,0,NA
In-House,0,NA
In-House,0,NA
In-House,0,NA
In-House,0,NA
In-House,0,NA
In-House,0,NA
In-House,0,NA
In-House,0,NA
In-House,0,NA
In-House,0,NA
In-House,0,NA
In-House,0,NA
In-House,0,NA
In-House,0,NA
In-House,0,NA
In-House,0,NA
In-House,0,NA
In-House,0,NA
In-House,0,NA
In-House,0,NA
In-House,0,NA
In-House,0,NA
In-House,0,NA
In-House,0,NA
In-House,0,NA
In-House,0,NA
In-House,0,NA
In-House,0,NA
In-House,0,NA
In-House,0,NA
In-House,0,NA
In-House,0,NA
In-House,0,NA
In-House,0,NA
In-House,0,NA
In-House,0,NA
In-House,0,NA
In-House,0,NA
In-House,0,NA
In-House,0,NA
In-House,0,NA
In-House,0,NA
In-House,0,NA
In-House,0,NA
In-House,0,NA
In-House,0,NA
In-House,0,NA
In-House,0,NA
In-House,0,NA
In-House,0,NA
In-House,0,NA
In-House,0,NA
In-House,0,NA
In-House,1,218.57
In-House,0,NA
In-House,0,NA
In-House,0,NA
In-House,0,NA
In-House,0,NA
In-House,0,NA
In-House,0,NA
In-House,0,NA
In-House,0,NA
In-House,0,NA
In-House,0,NA
In-House,0,NA
In-House,0,NA
In-House,0,NA
In-House,0,NA
In-House,0,NA
In-House,0,NA
In-House,0,NA
In-House,0,NA
In-House,0,NA
In-House,0,NA
In-House,0,NA
In-House,0,NA
In-House,0,NA
In-House,0,NA
In-House,0,NA
In-House,0,NA
In-House,0,NA
In-House,0,NA
In-House,0,NA
In-House,0,NA
In-House,0,NA
In-House,0,NA
In-House,0,NA
In-House,0,NA
In-House,0,NA
In-House,0,NA
In-House,0,NA
In-House,0,NA
In-House,0,NA
In-House,0,NA
In-House,0,NA
In-House,0,NA
In-House,0,NA
In-House,0,NA
In-House,0,NA
In-House,0,NA
In-House,0,NA
In-House,0,NA
In-House,0,NA
In-House,0,NA
In-House,0,NA
In-House,0,NA
In-House,0,NA
In-House,0,NA
In-House,0,NA
In-House,0,NA
In-House,0,NA
In-House,0,NA
In-House,0,NA
In-House,0,NA
In-House,0,NA
In-House,0,NA
In-House,0,NA
In-House,0,NA
In-House,0,NA
In-House,1,207.18
In-House,0,NA
In-House,0,NA
In-House,0,NA
In-House,0,NA
In-House,0,NA
In-House,0,NA
In-House,0,NA
In-House,0,NA
In-House,0,NA
In-House,0,NA
In-House,0,NA
In-House,0,NA
In-House,0,NA
In-House,0,NA
In-House,0,NA
In-House,0,NA
In-House,0,NA
In-House,0,NA
In-House,0,NA
In-House,0,NA
In-House,0,NA
In-House,0,NA
In-House,0,NA
In-House,0,NA
In-House,0,NA
In-House,0,NA
In-House,0,NA
In-House,0,NA
In-House,0,NA
In-House,0,NA
In-House,0,NA
In-House,0,NA
In-House,0,NA
In-House,0,NA
In-House,0,NA
In-House,0,NA
In-House,0,NA
In-House,0,NA
In-House,0,NA
In-House,0,NA
In-House,0,NA
In-House,0,NA
In-House,0,NA
In-House,0,NA
In-House,0,NA
In-House,0,NA
In-House,0,NA
In-House,0,NA
In-House,0,NA
In-House,0,NA
In-House,0,NA
In-House,1,228.6
In-House,0,NA
In-House,0,NA
In-House,0,NA
In-House,0,NA
In-House,0,NA
In-House,0,NA
In-House,0,NA
In-House,0,NA
In-House,0,NA
In-House,0,NA
In-House,0,NA
In-House,0,NA
In-House,0,NA
In-House,0,NA
In-House,0,NA
In-House,0,NA
In-House,0,NA
In-House,0,NA
In-House,0,NA
In-House,0,NA
In-House,0,NA
In-House,0,NA
In-House,0,NA
In-House,0,NA
In-House,0,NA
In-House,0,NA
In-House,0,NA
In-House,0,NA
In-House,0,NA
In-House,0,NA
In-House,0,NA
In-House,0,NA
In-House,0,NA
In-House,0,NA
In-House,0,NA
In-House,0,NA
In-House,0,NA
In-House,0,NA
In-House,0,NA
In-House,0,NA
In-House,0,NA
In-House,0,NA
In-House,0,NA
In-House,0,NA
In-House,0,NA
In-House,0,NA
In-House,0,NA
In-House,0,NA
In-House,0,NA
In-House,0,NA
In-House,0,NA
In-House,0,NA
In-House,0,NA
In-House,0,NA
In-House,0,NA
In-House,0,NA
In-House,0,NA
In-House,0,NA
In-House,0,NA
In-House,0,NA
In-House,0,NA
In-House,0,NA
In-House,0,NA
In-House,0,NA
In-House,0,NA
In-House,0,NA
In-House,0,NA
In-House,0,NA
In-House,0,NA
In-House,0,NA
In-House,0,NA
In-House,0,NA
In-House,0,NA
In-House,0,NA
In-House,0,NA
In-House,0,NA
In-House,0,NA
In-House,0,NA
In-House,0,NA
In-House,0,NA
In-House,0,NA
In-House,0,NA
In-House,0,NA
In-House,0,NA
In-House,0,NA
In-House,0,NA
In-House,0,NA
In-House,0,NA
In-House,0,NA
In-House,0,NA
In-House,0,NA
In-House,0,NA
In-House,0,NA
In-House,0,NA
In-House,0,NA
In-House,0,NA
In-House,0,NA
In-House,0,NA
In-House,0,NA
In-House,0,NA
In-House,0,NA
In-House,0,NA
In-House,0,NA
In-House,0,NA
In-House,0,NA
In-House,1,206.53
In-House,0,NA
In-House,0,NA
In-House,0,NA
In-House,1,112.63
In-House,0,NA
In-House,0,NA
In-House,0,NA
In-House,0,NA
In-House,0,NA
In-House,0,NA
In-House,0,NA
In-House,0,NA
In-House,0,NA
In-House,0,NA
In-House,0,NA
In-House,0,NA
In-House,0,NA
In-House,0,NA
In-House,0,NA
In-House,0,NA
In-House,0,NA
In-House,0,NA
In-House,0,NA
In-House,0,NA
In-House,0,NA
In-House,0,NA
In-House,0,NA
In-House,0,NA
In-House,0,NA
In-House,0,NA
In-House,0,NA
In-House,0,NA
In-House,0,NA
In-House,0,NA
In-House,0,NA
In-House,0,NA
In-House,0,NA
In-House,0,NA
In-House,0,NA
In-House,0,NA
In-House,0,NA
In-House,0,NA
In-House,0,NA
In-House,0,NA
In-House,0,NA
In-House,0,NA
In-House,0,NA
In-House,0,NA
In-House,0,NA
In-House,0,NA
In-House,0,NA
In-House,0,NA
In-House,0,NA
In-House,0,NA
In-House,0,NA
In-House,0,NA
In-House,1,161.43
In-House,0,NA
In-House,0,NA
In-House,0,NA
In-House,0,NA
In-House,0,NA
In-House,0,NA
In-House,0,NA
In-House,0,NA
In-House,0,NA
In-House,0,NA
In-House,0,NA
In-House,0,NA
In-House,0,NA
In-House,0,NA
In-House,0,NA
In-House,0,NA
In-House,0,NA
In-House,0,NA
In-House,0,NA
In-House,0,NA
In-House,0,NA
In-House,0,NA
In-House,0,NA
In-House,0,NA
In-House,0,NA
In-House,0,NA
In-House,0,NA
In-House,0,NA
In-House,0,NA
In-House,0,NA
In-House,0,NA
In-House,1,109.71
In-House,0,NA
In-House,0,NA
In-House,0,NA
In-House,0,NA
In-House,0,NA
In-House,0,NA
In-House,0,NA
In-House,0,NA
In-House,0,NA
In-House,0,NA
In-House,0,NA
In-House,0,NA
In-House,1,158.16
In-House,0,NA
In-House,0,NA
In-House,0,NA
In-House,0,NA
In-House,0,NA
In-House,0,NA
In-House,0,NA
In-House,0,NA
In-House,0,NA
In-House,0,NA
In-House,0,NA
In-House,0,NA
In-House,0,NA
In-House,0,NA
In-House,0,NA
In-House,0,NA
In-House,0,NA
In-House,0,NA
In-House,0,NA
In-House,0,NA
In-House,0,NA
In-House,0,NA
In-House,0,NA
In-House,1,70.21
In-House,0,NA
In-House,0,NA
In-House,0,NA
In-House,0,NA
In-House,0,NA
In-House,0,NA
In-House,0,NA
In-House,0,NA
In-House,0,NA
In-House,0,NA
In-House,0,NA
In-House,0,NA
In-House,0,NA
In-House,0,NA
In-House,0,NA
In-House,0,NA
In-House,0,NA
In-House,0,NA
In-House,0,NA
In-House,0,NA
In-House,0,NA
In-House,0,NA
In-House,0,NA
In-House,0,NA
In-House,0,NA
In-House,0,NA
In-House,0,NA
In-House,0,NA
In-House,0,NA
In-House,0,NA
In-House,0,NA
In-House,0,NA
In-House,0,NA
In-House,0,NA
In-House,0,NA
In-House,0,NA
In-House,0,NA
In-House,0,NA
In-House,0,NA
In-House,1,155.89
In-House,0,NA
In-House,0,NA
In-House,0,NA
In-House,0,NA
In-House,0,NA
In-House,0,NA
In-House,0,NA
In-House,0,NA
In-House,0,NA
In-House,0,NA
In-House,0,NA
In-House,0,NA
In-House,1,243.01
In-House,0,NA
In-House,0,NA
In-House,0,NA
In-House,0,NA
In-House,0,NA
In-House,0,NA
In-House,0,NA
In-House,0,NA
In-House,0,NA
In-House,0,NA
In-House,0,NA
In-House,1,25.54
In-House,1,92.35
In-House,0,NA
In-House,1,223.17
In-House,0,NA
In-House,0,NA
In-House,0,NA
In-House,0,NA
In-House,0,NA
In-House,0,NA
In-House,0,NA
In-House,0,NA
In-House,0,NA
In-House,0,NA
In-House,0,NA
In-House,0,NA
In-House,0,NA
In-House,0,NA
In-House,0,NA
In-House,0,NA
In-House,0,NA
In-House,0,NA
In-House,0,NA
In-House,1,229.76
In-House,0,NA
In-House,0,NA
In-House,0,NA
In-House,0,NA
In-House,0,NA
In-House,0,NA
In-House,0,NA
In-House,0,NA
In-House,0,NA
In-House,0,NA
In-House,0,NA
In-House,0,NA
In-House,0,NA
In-House,0,NA
In-House,0,NA
In-House,0,NA
In-House,0,NA
In-House,0,NA
In-House,0,NA
In-House,0,NA
In-House,0,NA
In-House,0,NA
In-House,0,NA
In-House,0,NA
In-House,0,NA
In-House,0,NA
In-House,0,NA
In-House,0,NA
In-House,0,NA
In-House,0,NA
In-House,0,NA
In-House,0,NA
In-House,0,NA
In-House,1,123.39
In-House,0,NA
In-House,0,NA
In-House,0,NA
In-House,0,NA
In-House,0,NA
In-House,0,NA
In-House,0,NA
In-House,0,NA
In-House,0,NA
In-House,0,NA
In-House,0,NA
In-House,0,NA
In-House,0,NA
In-House,0,NA
In-House,0,NA
In-House,0,NA
In-House,0,NA
In-House,0,NA
In-House,0,NA
In-House,0,NA
In-House,0,NA
In-House,0,NA
In-House,0,NA
In-House,0,NA
In-House,0,NA
In-House,0,NA
In-House,0,NA
In-House,0,NA
In-House,0,NA
In-House,0,NA
In-House,0,NA
In-House,0,NA
In-House,0,NA
In-House,0,NA
In-House,0,NA
In-House,0,NA
In-House,0,NA
In-House,0,NA
In-House,0,NA
In-House,0,NA
In-House,0,NA
In-House,0,NA
In-House,0,NA
In-House,0,NA
In-House,0,NA
In-House,0,NA
In-House,0,NA
In-House,0,NA
In-House,0,NA
In-House,0,NA
In-House,0,NA
In-House,0,NA
In-House,0,NA
In-House,0,NA
In-House,0,NA
In-House,0,NA
In-House,0,NA
In-House,0,NA
In-House,0,NA
In-House,0,NA
In-House,0,NA
In-House,0,NA
In-House,0,NA
In-House,0,NA
In-House,0,NA
In-House,0,NA
In-House,0,NA
In-House,0,NA
In-House,0,NA
In-House,0,NA
In-House,0,NA
In-House,1,125.73
In-House,0,NA
In-House,0,NA
In-House,0,NA
In-House,0,NA
In-House,0,NA
In-House,0,NA
In-House,0,NA
In-House,0,NA
In-House,0,NA
In-House,0,NA
In-House,0,NA
In-House,0,NA
In-House,0,NA
In-House,0,NA
In-House,1,149.52
In-House,0,NA
In-House,0,NA
In-House,0,NA
In-House,0,NA
In-House,0,NA
In-House,0,NA
In-House,0,NA
In-House,0,NA
In-House,0,NA
In-House,0,NA
In-House,0,NA
In-House,0,NA
In-House,0,NA
In-House,0,NA
In-House,0,NA
In-House,0,NA
In-House,0,NA
In-House,0,NA
In-House,0,NA
In-House,0,NA
In-House,0,NA
In-House,0,NA
In-House,0,NA
In-House,0,NA
In-House,0,NA
In-House,0,NA
In-House,0,NA
In-House,0,NA
In-House,0,NA
In-House,0,NA
In-House,0,NA
In-House,1,194.19
In-House,0,NA
In-House,0,NA
In-House,0,NA
In-House,0,NA
In-House,0,NA
In-House,0,NA
In-House,0,NA
In-House,0,NA
In-House,0,NA
In-House,0,NA
In-House,0,NA
In-House,0,NA
In-House,0,NA
In-House,0,NA
In-House,0,NA
In-House,0,NA
In-House,0,NA
In-House,0,NA
In-House,0,NA
In-House,0,NA
In-House,0,NA
In-House,0,NA
In-House,0,NA
In-House,0,NA
In-House,0,NA
In-House,0,NA
In-House,0,NA
In-House,0,NA
In-House,0,NA
In-House,0,NA
In-House,0,NA
In-House,0,NA
In-House,0,NA
In-House,0,NA
In-House,0,NA
In-House,0,NA
In-House,1,251.27
In-House,0,NA
In-House,0,NA
In-House,0,NA
In-House,0,NA
In-House,0,NA
In-House,0,NA
In-House,0,NA
In-House,0,NA
In-House,0,NA
In-House,0,NA
